{
  "xgboost_incremental": {
    "model_name": "xgboost_incremental",
    "test_samples": 182414,
    "unique_predictions": 5,
    "unique_true_labels": 5,
    "evaluation_timestamp": "2025-09-02T09:58:05.721800",
    "accuracy": 0.9948578508228535,
    "f1_macro": 0.9524683443162386,
    "f1_weighted": 0.9948682538720562,
    "precision_macro": 0.9508672224259251,
    "precision_weighted": 0.9949219180316647,
    "recall_macro": 0.9541958584242571,
    "recall_weighted": 0.9948578508228535,
    "confusion_matrix": [
      [
        114758,
        1,
        0,
        808,
        0
      ],
      [
        2,
        13986,
        0,
        0,
        0
      ],
      [
        1,
        0,
        202,
        0,
        31
      ],
      [
        56,
        0,
        0,
        52105,
        0
      ],
      [
        0,
        0,
        39,
        0,
        425
      ]
    ],
    "attack_detection_rate": 0.999117387466902,
    "attack_true_positives": 66788,
    "attack_false_negatives": 59,
    "false_positive_rate": 0.007000268242664428,
    "benign_true_negatives": 114758,
    "benign_false_positives": 809,
    "classification_report": {
      "BENIGN": {
        "precision": 0.9994861388121968,
        "recall": 0.9929997317573356,
        "f1-score": 0.9962323772484201,
        "support": 115567.0
      },
      "DoS_Hulk": {
        "precision": 0.9999285050403947,
        "recall": 0.999857020303117,
        "f1-score": 0.9998927613941019,
        "support": 13988.0
      },
      "FTP-Patator": {
        "precision": 0.8381742738589212,
        "recall": 0.8632478632478633,
        "f1-score": 0.8505263157894737,
        "support": 234.0
      },
      "PortScan": {
        "precision": 0.9847296505584638,
        "recall": 0.998926400950902,
        "f1-score": 0.9917772236709367,
        "support": 52161.0
      },
      "SSH-Patator": {
        "precision": 0.9320175438596491,
        "recall": 0.915948275862069,
        "f1-score": 0.9239130434782609,
        "support": 464.0
      },
      "accuracy": 0.9948578508228535,
      "macro avg": {
        "precision": 0.9508672224259251,
        "recall": 0.9541958584242571,
        "f1-score": 0.9524683443162386,
        "support": 182414.0
      },
      "weighted avg": {
        "precision": 0.9949219180316647,
        "recall": 0.9948578508228535,
        "f1-score": 0.9948682538720562,
        "support": 182414.0
      }
    },
    "per_class_f1": {
      "BENIGN": 0.9962323772484201,
      "DoS_Hulk": 0.9998927613941019,
      "FTP-Patator": 0.8505263157894737,
      "PortScan": 0.9917772236709367,
      "SSH-Patator": 0.9239130434782609
    },
    "evaluation_time_seconds": 1.1658339500427246,
    "training_metadata": {
      "start_time": "2025-09-02 09:57:58.257203",
      "end_time": "2025-09-02 09:58:07.370121",
      "total_duration_seconds": 9.11291790008545,
      "batches_processed": 4,
      "total_training_samples": 332242,
      "total_test_samples": 182414,
      "checkpoints_saved": [
        "./analysis_output\\checkpoints\\xgboost_incremental_batch_-1.pkl"
      ],
      "class_distribution": {
        "0": 165844,
        "11": 782,
        "4": 75803,
        "7": 508,
        "10": 89305
      }
    },
    "selected_features": [
      "dst_port",
      "bwd_packet_length_max",
      "syn_count_ratio",
      "fwd_bwd_bytes_ratio",
      "avg_packet_size",
      "fwd_bytes",
      "bwd_bytes",
      "avg_ttl",
      "total_bytes",
      "ack_count_ratio",
      "ack_count",
      "bwd_packet_length_mean",
      "flow_duration",
      "flow_iat_max",
      "packet_rate",
      "fwd_packet_length_mean",
      "syn_count",
      "flow_iat_mean",
      "flow_iat_std",
      "rst_count_ratio",
      "fwd_bwd_packets_ratio",
      "bytes_per_second",
      "total_packets",
      "fwd_packets",
      "active_max",
      "active_idle_ratio",
      "packets_per_second",
      "bwd_packets",
      "active_std",
      "fwd_packet_length_max",
      "active_mean",
      "bwd_packet_length_std",
      "rst_count",
      "fwd_packet_length_std",
      "active_min",
      "flow_iat_min",
      "fwd_packet_length_min",
      "bwd_packet_length_min",
      "total_payload_bytes",
      "is_well_known_port",
      "psh_count_ratio",
      "content_length",
      "is_registered_port",
      "avg_entropy",
      "idle_max",
      "fin_count_ratio",
      "avg_payload_size",
      "payload_ratio",
      "nlp_special_char_ratio",
      "idle_mean"
    ],
    "top_20_features": {
      "rst_count_ratio": 1880.797119140625,
      "fin_count_ratio": 667.55517578125,
      "syn_count_ratio": 599.267578125,
      "syn_count": 448.9819641113281,
      "bwd_packet_length_std": 393.25054931640625,
      "bwd_packet_length_mean": 295.6630554199219,
      "ack_count": 241.40939331054688,
      "avg_packet_size": 112.27183532714844,
      "psh_count_ratio": 72.89647674560547,
      "is_registered_port": 72.63958740234375,
      "dst_port": 67.4029541015625,
      "fwd_packet_length_max": 40.88890838623047,
      "fwd_bytes": 37.04592514038086,
      "bwd_bytes": 31.499265670776367,
      "fwd_packet_length_std": 29.261608123779297,
      "is_well_known_port": 24.19792938232422,
      "bwd_packet_length_max": 21.712032318115234,
      "total_payload_bytes": 19.774173736572266,
      "ack_count_ratio": 15.350449562072754,
      "nlp_special_char_ratio": 15.163792610168457
    }
  }
}